date,vix_close,spy_close
2021-01-04,26.969999313354492,344.2567138671875
2021-01-05,25.34000015258789,346.62774658203125
2021-01-06,25.06999969482422,348.7000427246094
2021-01-07,22.3700008392334,353.8808288574219
2021-01-08,21.559999465942383,355.8971862792969
2021-01-11,24.079999923706055,353.4981689453125
2021-01-12,23.329999923706055,353.57281494140625
2021-01-13,22.209999084472656,354.52496337890625
2021-01-14,23.25,353.2834777832031
2021-01-15,24.34000015258789,350.7070007324219
2021-01-19,23.239999771118164,353.4608459472656
2021-01-20,21.579999923706055,358.3521728515625
2021-01-21,21.31999969482422,358.6789245605469
2021-01-22,21.90999984741211,357.4094543457031
2021-01-25,23.190000534057617,358.81903076171875
2021-01-26,23.020000457763672,358.2589416503906
2021-01-27,37.209999084472656,349.50286865234375
2021-01-28,30.209999084472656,352.5086669921875
2021-01-29,33.09000015258789,345.45159912109375
2021-02-01,30.239999771118164,351.2018737792969
2021-02-02,25.559999465942383,356.1678161621094
2021-02-03,22.90999984741211,356.44793701171875
2021-02-04,21.770000457763672,360.49920654296875
2021-02-05,20.8700008392334,361.9179992675781
2021-02-08,21.239999771118164,364.5318298339844
2021-02-09,21.6299991607666,364.2892761230469
2021-02-10,21.989999771118164,364.13043212890625
2021-02-11,21.25,364.718505859375
2021-02-12,19.969999313354492,366.52020263671875
2021-02-16,21.459999084472656,366.2026672363281
2021-02-17,21.5,366.28680419921875
2021-02-18,22.489999771118164,364.7278137207031
2021-02-19,22.049999237060547,364.0837707519531
2021-02-22,23.450000762939453,361.2833557128906
2021-02-23,23.110000610351562,361.7220764160156
2021-02-24,21.34000015258789,365.7080078125
2021-02-25,28.889999389648438,356.89599609375
2021-02-26,27.950000762939453,355.0569763183594
2021-03-01,23.350000381469727,363.66363525390625
2021-03-02,24.100000381469727,360.825927734375
2021-03-03,26.670000076293945,356.04656982421875
2021-03-04,28.56999969482422,351.64056396484375
2021-03-05,24.65999984741211,358.1095275878906
2021-03-08,25.469999313354492,356.3265380859375
2021-03-09,24.030000686645508,361.41412353515625
2021-03-10,22.559999465942383,363.66363525390625
2021-03-11,21.90999984741211,367.3509521484375
2021-03-12,20.690000534057617,367.8456115722656
2021-03-15,20.030000686645508,370.0392761230469
2021-03-16,19.790000915527344,369.5726013183594
2021-03-17,19.229999542236328,370.8328552246094
2021-03-18,21.579999923706055,365.43731689453125
2021-03-19,20.950000762939453,364.76116943359375
2021-03-22,18.8799991607666,367.6737976074219
2021-03-23,20.299999237060547,364.7798767089844
2021-03-24,21.200000762939453,362.9255676269531
2021-03-25,19.809999465942383,364.9671936035156
2021-03-26,18.860000610351562,370.8486328125
2021-03-29,20.739999771118164,370.66131591796875
2021-03-30,19.610000610351562,369.6780090332031
2021-03-31,19.399999618530273,371.1764831542969
2021-04-01,17.329999923706055,375.184814453125
2021-04-05,17.90999984741211,380.56982421875
2021-04-06,18.1200008392334,380.34503173828125
2021-04-07,17.15999984741211,380.7851867675781
2021-04-08,16.950000762939453,382.5927734375
2021-04-09,16.690000534057617,385.3742370605469
2021-04-12,16.90999984741211,385.5147705078125
2021-04-13,16.649999618530273,386.6573791503906
2021-04-14,16.989999771118164,385.33685302734375
2021-04-15,16.56999969482422,389.4761962890625
2021-04-16,16.25,390.7781066894531
2021-04-19,17.290000915527344,388.858154296875
2021-04-20,18.68000030517578,386.0110778808594
2021-04-21,17.5,389.6636047363281
2021-04-22,18.709999084472656,386.104736328125
2021-04-23,17.329999923706055,390.291015625
2021-04-26,17.639999389648438,391.1058654785156
2021-04-27,17.559999465942383,391.02154541015625
2021-04-28,17.280000686645508,390.9091796875
2021-04-29,17.610000610351562,393.4003601074219
2021-04-30,18.610000610351562,390.8155212402344
2021-05-03,18.309999465942383,391.6584167480469
2021-05-04,19.479999542236328,389.2422180175781
2021-05-05,19.149999618530273,389.3638610839844
2021-05-06,18.389999389648438,392.47314453125
2021-05-07,16.690000534057617,395.3296203613281
2021-05-10,19.65999984741211,391.4149169921875
2021-05-11,21.84000015258789,387.9216003417969
2021-05-12,27.59000015258789,379.68011474609375
2021-05-13,23.1299991607666,384.2410583496094
2021-05-14,18.809999465942383,390.1411437988281
2021-05-17,19.719999313354492,389.1484375
2021-05-18,21.34000015258789,385.7956848144531
2021-05-19,22.18000030517578,384.7841796875
2021-05-20,20.670000076293945,388.9237365722656
2021-05-21,20.149999618530273,388.6053161621094
2021-05-24,18.399999618530273,392.5668029785156
2021-05-25,18.84000015258789,391.69586181640625
2021-05-26,17.360000610351562,392.47314453125
2021-05-27,16.739999771118164,392.67926025390625
2021-05-28,16.760000228881836,393.3816833496094
2021-06-01,17.899999618530273,393.03509521484375
2021-06-02,17.479999542236328,393.65313720703125
2021-06-03,18.040000915527344,392.1922607421875
2021-06-04,16.420000076293945,395.77911376953125
2021-06-07,16.420000076293945,395.3951416015625
2021-06-08,17.06999969482422,395.4794006347656
2021-06-09,17.889999389648438,394.88946533203125
2021-06-10,16.100000381469727,396.72503662109375
2021-06-11,15.649999618530273,397.3806457519531
2021-06-14,16.389999389648438,398.27032470703125
2021-06-15,17.020000457763672,397.539794921875
2021-06-16,18.149999618530273,395.3202209472656
2021-06-17,17.75,395.1890869140625
2021-06-18,20.700000762939453,389.8578796386719
2021-06-21,17.889999389648438,395.4390563964844
2021-06-22,16.65999984741211,397.55316162109375
2021-06-23,16.31999969482422,397.073974609375
2021-06-24,15.970000267028809,399.4229736328125
2021-06-25,15.619999885559082,400.8417663574219
2021-06-28,15.760000228881836,401.64984130859375
2021-06-29,16.020000457763672,401.865966796875
2021-06-30,15.829999923706055,402.20416259765625
2021-07-01,15.479999542236328,404.4310302734375
2021-07-02,15.069999694824219,407.5223083496094
2021-07-06,16.440000534057617,406.780029296875
2021-07-07,16.200000762939453,408.2176208496094
2021-07-08,19.0,404.8914794921875
2021-07-09,16.18000030517578,409.2135925292969
2021-07-12,16.170000076293945,410.6793212890625
2021-07-13,17.1200008392334,409.27935791015625
2021-07-14,16.329999923706055,409.8900451660156
2021-07-15,17.010000228881836,408.4900207519531
2021-07-16,18.450000762939453,405.28607177734375
2021-07-19,22.5,399.30078125
2021-07-20,19.729999542236328,405.0229187011719
2021-07-21,17.90999984741211,408.3021545410156
2021-07-22,17.690000534057617,409.1572265625
2021-07-23,17.200000762939453,413.3666687011719
2021-07-26,17.579999923706055,414.3813171386719
2021-07-27,19.360000610351562,412.4927978515625
2021-07-28,18.309999465942383,412.3236083984375
2021-07-29,17.700000762939453,414.03369140625
2021-07-30,18.239999771118164,412.0229797363281
2021-08-02,19.459999084472656,411.15850830078125
2021-08-03,18.040000915527344,414.50347900390625
2021-08-04,17.969999313354492,412.46453857421875
2021-08-05,17.280000686645508,415.0766296386719
2021-08-06,16.149999618530273,415.7624816894531
2021-08-09,16.719999313354492,415.42431640625
2021-08-10,16.790000915527344,415.9410705566406
2021-08-11,16.170000076293945,416.9746398925781
2021-08-12,15.59000015258789,418.2243347167969
2021-08-13,15.449999809265137,418.9853820800781
2021-08-16,16.1200008392334,419.97198486328125
2021-08-17,17.90999984741211,417.218994140625
2021-08-18,21.56999969482422,412.6524963378906
2021-08-19,21.670000076293945,413.29144287109375
2021-08-20,18.559999465942383,416.5800476074219
2021-08-23,17.149999618530273,420.24444580078125
2021-08-24,17.219999313354492,420.91162109375
2021-08-25,16.790000915527344,421.7947998046875
2021-08-26,18.84000015258789,419.30487060546875
2021-08-27,16.389999389648438,423.0538635253906
2021-08-30,16.190000534057617,424.91424560546875
2021-08-31,16.479999542236328,424.2846984863281
2021-09-01,16.110000610351562,424.51025390625
2021-09-02,16.40999984741211,425.8163146972656
2021-09-03,16.40999984741211,425.71282958984375
2021-09-07,18.139999389648438,424.1907958984375
2021-09-08,17.959999084472656,423.6739807128906
2021-09-09,18.799999237060547,421.86053466796875
2021-09-10,20.950000762939453,418.53436279296875
2021-09-13,19.3700008392334,419.6054382324219
2021-09-14,19.459999084472656,417.34112548828125
2021-09-15,18.18000030517578,420.8269958496094
2021-09-16,18.690000534057617,420.1598815917969
2021-09-17,20.809999465942383,416.06707763671875
2021-09-20,25.709999084472656,409.12945556640625
2021-09-21,24.360000610351562,408.74298095703125
2021-09-22,20.8700008392334,412.73028564453125
2021-09-23,18.6299991607666,417.7449645996094
2021-09-24,17.75,418.43304443359375
2021-09-27,18.760000228881836,417.2359313964844
2021-09-28,23.25,408.827880859375
2021-09-29,22.559999465942383,409.5160217285156
2021-09-30,23.139999389648438,404.51068115234375
2021-10-01,21.100000381469727,409.3180236816406
2021-10-04,22.959999084472656,404.0394287109375
2021-10-05,21.299999237060547,408.2434997558594
2021-10-06,21.0,409.9401550292969
2021-10-07,19.540000915527344,413.48431396484375
2021-10-08,18.770000457763672,412.73028564453125
2021-10-11,20.0,409.7422180175781
2021-10-12,19.850000381469727,408.7335510253906
2021-10-13,18.639999389648438,410.20404052734375
2021-10-14,16.860000610351562,417.10394287109375
2021-10-15,16.299999237060547,420.28057861328125
2021-10-18,16.309999465942383,421.5248107910156
2021-10-19,15.699999809265137,424.7767333984375
2021-10-20,15.489999771118164,426.4452209472656
2021-10-21,15.010000228881836,427.5575256347656
2021-10-22,15.430000305175781,427.11444091796875
2021-10-25,15.239999771118164,429.40496826171875
2021-10-26,15.979999542236328,429.7914733886719
2021-10-27,16.979999542236328,427.8874206542969
2021-10-28,16.530000686645508,432.0160217285156
2021-10-29,16.260000228881836,432.8926696777344
2021-11-01,16.40999984741211,433.63726806640625
2021-11-02,16.030000686645508,435.3905029296875
2021-11-03,15.100000381469727,438.0487365722656
2021-11-04,15.4399995803833,440.11297607421875
2021-11-05,16.479999542236328,441.6400451660156
2021-11-08,17.219999313354492,442.01708984375
2021-11-09,17.780000686645508,440.5560302734375
2021-11-10,18.729999542236328,437.0118408203125
2021-11-11,17.65999984741211,437.1531982421875
2021-11-12,16.290000915527344,440.4523010253906
2021-11-15,16.489999771118164,440.6031494140625
2021-11-16,16.3700008392334,442.3469543457031
2021-11-17,17.110000610351562,441.2724609375
2021-11-18,17.59000015258789,442.7712097167969
2021-11-19,17.90999984741211,441.9793701171875
2021-11-22,19.170000076293945,440.7351379394531
2021-11-23,19.3799991607666,441.31964111328125
2021-11-24,18.579999923706055,442.49786376953125
2021-11-26,28.6200008392334,432.6287536621094
2021-11-29,22.959999084472656,437.9356384277344
2021-11-30,27.190000534057617,429.4144287109375
2021-12-01,31.1200008392334,424.644775390625
2021-12-02,27.950000762939453,431.1488037109375
2021-12-03,30.670000076293945,427.397216796875
2021-12-06,27.18000030517578,432.4590759277344
2021-12-07,21.889999389648438,441.4044189453125
2021-12-08,19.899999618530273,442.5731506347656
2021-12-09,21.579999923706055,439.5852355957031
2021-12-10,18.690000534057617,443.72320556640625
2021-12-13,20.309999465942383,439.79254150390625
2021-12-14,21.889999389648438,436.7667236328125
2021-12-15,19.290000915527344,443.5912780761719
2021-12-16,20.56999969482422,439.67938232421875
2021-12-17,21.56999969482422,435.0
2021-12-20,22.8700008392334,430.3743591308594
2021-12-21,21.010000228881836,438.0174865722656
2021-12-22,18.6299991607666,442.3970642089844
2021-12-23,17.959999084472656,445.1496887207031
2021-12-27,17.68000030517578,451.4494934082031
2021-12-28,17.540000915527344,451.08050537109375
2021-12-29,16.950000762939453,451.6575927734375
2021-12-30,17.329999923706055,450.4090576171875
2021-12-31,17.219999313354492,449.27386474609375
2022-01-03,16.600000381469727,451.87518310546875
2022-01-04,16.90999984741211,451.72381591796875
2022-01-05,19.729999542236328,443.0497741699219
2022-01-06,19.610000610351562,442.633544921875
2022-01-07,18.760000228881836,440.8835754394531
2022-01-10,19.399999618530273,440.3349609375
2022-01-11,18.40999984741211,444.3456115722656
2022-01-12,17.6200008392334,445.5469055175781
2022-01-13,20.309999465942383,439.40789794921875
2022-01-14,19.190000534057617,439.587646484375
2022-01-18,22.790000915527344,431.8027038574219
2022-01-19,23.850000381469727,427.3191223144531
2022-01-20,25.59000015258789,422.5894775390625
2022-01-21,28.850000381469727,414.2937927246094
2022-01-24,29.899999618530273,416.05316162109375
2022-01-25,31.15999984741211,410.9736328125
2022-01-26,31.959999084472656,409.9425354003906
2022-01-27,30.489999771118164,407.9182434082031
2022-01-28,27.65999984741211,418.0490417480469
2022-01-31,24.829999923706055,425.57861328125
2022-02-01,21.959999084472656,428.4542236328125
2022-02-02,22.09000015258789,432.61627197265625
2022-02-03,24.350000381469727,422.44769287109375
2022-02-04,23.219999313354492,424.4340515136719
2022-02-07,22.860000610351562,423.0718994140625
2022-02-08,21.440000534057617,426.55291748046875
2022-02-09,19.959999084472656,432.79595947265625
2022-02-10,23.90999984741211,425.0205383300781
2022-02-11,27.360000610351562,416.6396789550781
2022-02-14,28.329999923706055,415.27752685546875
2022-02-15,25.700000762939453,421.9746398925781
2022-02-16,24.290000915527344,422.44769287109375
2022-02-17,28.110000610351562,413.42352294921875
2022-02-18,27.75,410.74652099609375
2022-02-22,28.809999465942383,406.3385925292969
2022-02-23,31.020000457763672,399.1307678222656
2022-02-24,30.31999969482422,405.13726806640625
2022-02-25,27.59000015258789,414.0762634277344
2022-02-28,30.149999618530273,413.0168151855469
2022-03-01,33.31999969482422,406.7264099121094
2022-03-02,30.739999771118164,414.2086486816406
2022-03-03,30.479999542236328,412.1465148925781
2022-03-04,31.979999542236328,408.79803466796875
2022-03-07,36.45000076293945,396.7469482421875
2022-03-08,35.130001068115234,393.73895263671875
2022-03-09,32.45000076293945,404.2954406738281
2022-03-10,30.229999542236328,402.4698181152344
2022-03-11,30.75,397.3522644042969
2022-03-14,31.770000457763672,394.4483947753906
2022-03-15,29.829999923706055,403.12249755859375
2022-03-16,26.670000076293945,412.0614318847656
2022-03-17,25.670000076293945,417.2167053222656
2022-03-18,23.8700008392334,421.786376953125
2022-03-21,23.530000686645508,421.66302490234375
2022-03-22,22.940000534057617,426.5970153808594
2022-03-23,23.56999969482422,421.10321044921875
2022-03-24,21.670000076293945,427.4510498046875
2022-03-25,20.809999465942383,429.53851318359375
2022-03-28,19.6299991607666,432.5938415527344
2022-03-29,18.899999618530273,437.9454345703125
2022-03-30,19.329999923706055,435.2412109375
2022-03-31,20.559999465942383,428.542236328125
2022-04-01,19.6299991607666,429.7568054199219
2022-04-04,18.56999969482422,433.43829345703125
2022-04-05,21.030000686645508,427.96337890625
2022-04-06,22.100000381469727,423.68408203125
2022-04-07,21.549999237060547,425.81903076171875
2022-04-08,21.15999984741211,424.680419921875
2022-04-11,24.3700008392334,417.4216613769531
2022-04-12,24.260000228881836,415.875
2022-04-13,21.81999969482422,420.63824462890625
2022-04-14,22.700000762939453,415.40057373046875
2022-04-18,22.170000076293945,415.57135009765625
2022-04-19,21.3700008392334,422.27978515625
2022-04-20,20.31999969482422,421.96661376953125
2022-04-21,22.68000030517578,415.65679931640625
2022-04-22,28.209999084472656,404.25152587890625
2022-04-25,27.020000457763672,406.59515380859375
2022-04-26,33.52000045776367,394.8198547363281
2022-04-27,31.600000381469727,395.9300231933594
2022-04-28,29.989999771118164,405.9309387207031
2022-04-29,33.400001525878906,390.92950439453125
2022-05-02,32.34000015258789,393.2826843261719
2022-05-03,29.25,395.08551025390625
2022-05-04,25.420000076293945,407.1170654296875
2022-05-05,31.200000762939453,392.6469421386719
2022-05-06,30.190000534057617,390.30328369140625
2022-05-09,34.75,377.8067932128906
2022-05-10,32.9900016784668,378.6797180175781
2022-05-11,32.560001373291016,372.66400146484375
2022-05-12,31.770000457763672,372.27484130859375
2022-05-13,28.8700008392334,381.17529296875
2022-05-16,27.469999313354492,379.6286315917969
2022-05-17,26.100000381469727,387.4377136230469
2022-05-18,30.959999084472656,371.8194274902344
2022-05-19,29.350000381469727,369.5422058105469
2022-05-20,29.43000030517578,369.7034912109375
2022-05-23,28.479999542236328,376.6207275390625
2022-05-24,29.450000762939453,373.74560546875
2022-05-25,28.3700008392334,377.0476379394531
2022-05-26,27.5,384.5816650390625
2022-05-27,25.719999313354492,394.0227966308594
2022-05-31,26.190000534057617,391.81195068359375
2022-06-01,25.690000534057617,388.64276123046875
2022-06-02,24.719999313354492,396.0439147949219
2022-06-03,24.790000915527344,389.544189453125
2022-06-06,25.06999969482422,390.7302551269531
2022-06-07,24.020000457763672,394.47821044921875
2022-06-08,23.959999084472656,390.189453125
2022-06-09,26.09000015258789,380.90960693359375
2022-06-10,27.75,369.8648376464844
2022-06-13,34.02000045776367,355.8217468261719
2022-06-14,32.689998626708984,354.7495422363281
2022-06-15,29.6200008392334,359.8069763183594
2022-06-16,32.95000076293945,347.89874267578125
2022-06-17,31.1299991607666,348.6487121582031
2022-06-21,30.190000534057617,357.4255065917969
2022-06-22,28.950000762939453,356.7774658203125
2022-06-23,29.049999237060547,360.2748107910156
2022-06-24,27.229999542236328,371.7293395996094
2022-06-27,26.950000762939453,370.3094787597656
2022-06-28,28.360000610351562,362.7430419921875
2022-06-29,28.15999984741211,362.44757080078125
2022-06-30,28.709999084472656,359.5028991699219
2022-07-01,26.700000762939453,363.30523681640625
2022-07-05,27.540000915527344,363.9913635253906
2022-07-06,26.729999542236328,365.220703125
2022-07-07,26.079999923706055,370.6905822753906
2022-07-08,24.639999389648438,370.3857116699219
2022-07-11,26.170000076293945,366.154541015625
2022-07-12,27.290000915527344,362.91448974609375
2022-07-13,26.81999969482422,361.0085754394531
2022-07-14,26.399999618530273,360.1318359375
2022-07-15,24.229999542236328,367.01220703125
2022-07-18,25.299999237060547,363.98193359375
2022-07-19,24.5,373.8163757324219
2022-07-20,23.8799991607666,376.19866943359375
2022-07-21,23.110000610351562,380.0296325683594
2022-07-22,23.030000686645508,376.5036926269531
2022-07-25,23.360000610351562,376.9610900878906
2022-07-26,24.690000534057617,372.5012512207031
2022-07-27,23.239999771118164,382.17376708984375
2022-07-28,22.329999923706055,386.96722412109375
2022-07-29,21.329999923706055,392.608642578125
2022-08-01,22.84000015258789,391.4460754394531
2022-08-02,23.93000030517578,388.86358642578125
2022-08-03,21.950000762939453,394.9529724121094
2022-08-04,21.440000534057617,394.6861267089844
2022-08-05,21.149999618530273,394.01910400390625
2022-08-08,21.290000915527344,393.5616455078125
2022-08-09,21.770000457763672,391.998779296875
2022-08-10,19.739999771118164,400.2323913574219
2022-08-11,20.200000762939453,400.2323913574219
2022-08-12,19.530000686645508,407.00787353515625
2022-08-15,19.950000762939453,408.6850280761719
2022-08-16,19.690000534057617,409.4855651855469
2022-08-17,19.899999618530273,406.5789794921875
2022-08-18,19.559999465942383,407.7607421875
2022-08-19,20.600000381469727,402.2812194824219
2022-08-22,23.799999237060547,393.9046936035156
2022-08-23,24.110000610351562,392.9516906738281
2022-08-24,22.81999969482422,394.2096862792969
2022-08-25,21.780000686645508,399.77496337890625
2022-08-26,25.559999465942383,386.24298095703125
2022-08-29,26.209999084472656,383.68902587890625
2022-08-30,26.209999084472656,379.47698974609375
2022-08-31,25.8700008392334,376.5894775390625
2022-09-01,25.559999465942383,377.77117919921875
2022-09-02,25.469999313354492,373.7878112792969
2022-09-06,26.90999984741211,372.3774108886719
2022-09-07,24.639999389648438,379.06719970703125
2022-09-08,23.610000610351562,381.54486083984375
2022-09-09,22.790000915527344,387.47222900390625
2022-09-12,23.8700008392334,391.6366882324219
2022-09-13,27.270000457763672,374.60723876953125
2022-09-14,26.15999984741211,376.0367431640625
2022-09-15,26.270000457763672,371.7674865722656
2022-09-16,26.299999237060547,368.93133544921875
2022-09-19,25.760000228881836,371.7923278808594
2022-09-20,27.15999984741211,367.52471923828125
2022-09-21,27.989999771118164,361.11370849609375
2022-09-22,27.350000381469727,358.0804443359375
2022-09-23,29.920000076293945,352.080810546875
2022-09-26,32.2599983215332,348.5978698730469
2022-09-27,32.599998474121094,347.70794677734375
2022-09-28,30.18000030517578,354.54949951171875
2022-09-29,31.84000015258789,347.14337158203125
2022-09-30,31.6200008392334,341.77532958984375
2022-10-03,30.100000381469727,350.79864501953125
2022-10-04,29.06999969482422,361.6686706542969
2022-10-05,28.549999237060547,360.82659912109375
2022-10-06,30.520000457763672,357.1044006347656
2022-10-07,31.360000610351562,347.14337158203125
2022-10-10,32.45000076293945,344.49285888671875
2022-10-11,33.630001068115234,342.3111572265625
2022-10-12,33.56999969482422,341.1820373535156
2022-10-13,31.940000534057617,350.1861572265625
2022-10-14,32.02000045776367,342.20587158203125
2022-10-17,31.3700008392334,350.9995422363281
2022-10-18,30.5,355.1236572265625
2022-10-19,30.760000228881836,352.6070861816406
2022-10-20,29.979999542236328,349.650390625
2022-10-21,29.690000534057617,358.1474304199219
2022-10-24,29.850000381469727,362.52984619140625
2022-10-25,28.459999084472656,368.31890869140625
2022-10-26,27.280000686645508,365.5439453125
2022-10-27,27.389999389648438,363.5919494628906
2022-10-28,25.75,372.2420959472656
2022-10-31,25.8799991607666,369.55328369140625
2022-11-01,25.809999465942383,367.9361267089844
2022-11-02,25.860000610351562,358.70233154296875
2022-11-03,25.299999237060547,355.00885009765625
2022-11-04,24.549999237060547,360.1185607910156
2022-11-07,24.350000381469727,363.5632629394531
2022-11-08,25.540000915527344,365.5248718261719
2022-11-09,26.09000015258789,357.9942932128906
2022-11-10,23.530000686645508,377.66754150390625
2022-11-11,22.520000457763672,381.3228759765625
2022-11-14,23.729999542236328,378.07904052734375
2022-11-15,24.540000915527344,381.3036804199219
2022-11-16,24.110000610351562,378.3947448730469
2022-11-17,23.93000030517578,377.2369689941406
2022-11-18,23.1200008392334,378.94976806640625
2022-11-21,22.360000610351562,377.57183837890625
2022-11-22,21.290000915527344,382.6528625488281
2022-11-23,20.350000381469727,385.06414794921875
2022-11-25,20.5,384.9780578613281
2022-11-28,22.209999084472656,378.8349609375
2022-11-29,21.889999389648438,378.18426513671875
2022-11-30,20.579999923706055,390.0972900390625
2022-12-01,19.84000015258789,389.8102722167969
2022-12-02,19.059999465942383,389.3605651855469
2022-12-05,20.75,382.3562316894531
2022-12-06,22.170000076293945,376.8446960449219
2022-12-07,22.68000030517578,376.20361328125
2022-12-08,22.290000915527344,379.1506652832031
2022-12-09,22.829999923706055,376.3183898925781
2022-12-12,25.0,381.74383544921875
2022-12-13,22.549999237060547,384.63360595703125
2022-12-14,21.139999389648438,382.17437744140625
2022-12-15,22.829999923706055,372.8257751464844
2022-12-16,22.6200008392334,368.4241638183594
2022-12-19,22.420000076293945,365.3000793457031
2022-12-20,21.479999542236328,365.7999267578125
2022-12-21,20.06999969482422,371.26953125
2022-12-22,21.969999313354492,365.9729309082031
2022-12-23,20.8700008392334,368.0780944824219
2022-12-27,21.649999618530273,366.6265563964844
2022-12-28,22.139999389648438,362.0702209472656
2022-12-29,21.440000534057617,368.5875244140625
2022-12-30,21.670000076293945,367.61669921875
2023-01-03,22.899999618530273,366.069091796875
2023-01-04,22.010000228881836,368.89520263671875
2023-01-05,22.459999084472656,364.6848449707031
2023-01-06,21.1299991607666,373.0478515625
2023-01-09,21.969999313354492,372.8362731933594
2023-01-10,20.579999923706055,375.4510192871094
2023-01-11,21.09000015258789,380.19964599609375
2023-01-12,18.829999923706055,381.5838623046875
2023-01-13,18.350000381469727,383.06427001953125
2023-01-17,19.360000610351562,382.362548828125
2023-01-18,20.34000015258789,376.3258361816406
2023-01-19,20.520000457763672,373.586181640625
2023-01-20,19.850000381469727,380.5456848144531
2023-01-23,19.809999465942383,385.1117858886719
2023-01-24,19.200000762939453,384.69842529296875
2023-01-25,19.079999923706055,384.8426513671875
2023-01-26,18.729999542236328,389.0721435546875
2023-01-27,18.510000228881836,389.96612548828125
2023-01-30,19.940000534057617,385.07330322265625
2023-01-31,19.399999618530273,390.7351379394531
2023-02-01,17.8700008392334,394.8878479003906
2023-02-02,18.729999542236328,400.6361999511719
2023-02-03,18.329999923706055,396.37774658203125
2023-02-06,19.43000030517578,393.9553527832031
2023-02-07,18.65999984741211,399.1077575683594
2023-02-08,19.6299991607666,394.74359130859375
2023-02-09,20.709999084472656,391.32147216796875
2023-02-10,20.530000686645508,392.2347717285156
2023-02-13,20.34000015258789,396.8392028808594
2023-02-14,18.90999984741211,396.6565246582031
2023-02-15,18.229999542236328,397.9446716308594
2023-02-16,20.170000076293945,392.46539306640625
2023-02-17,20.020000457763672,391.4848937988281
2023-02-21,22.8700008392334,383.63140869140625
2023-02-22,22.290000915527344,383.1026916503906
2023-02-23,21.139999389648438,385.140625
2023-02-24,21.670000076293945,381.0263671875
2023-02-27,20.950000762939453,382.3240661621094
2023-02-28,20.700000762939453,380.91107177734375
2023-03-01,20.579999923706055,379.4498596191406
2023-03-02,19.59000015258789,382.40093994140625
2023-03-03,18.489999771118164,388.5338134765625
2023-03-06,18.610000610351562,388.8030090332031
2023-03-07,19.59000015258789,382.8431091308594
2023-03-08,19.110000610351562,383.468017578125
2023-03-09,22.610000610351562,376.3930969238281
2023-03-10,24.799999237060547,370.9619445800781
2023-03-13,26.520000457763672,370.4331970214844
2023-03-14,23.729999542236328,376.5564880371094
2023-03-15,26.139999389648438,374.201416015625
2023-03-16,22.989999771118164,380.766845703125
2023-03-17,25.510000228881836,376.3146057128906
2023-03-20,24.149999618530273,379.93310546875
2023-03-21,21.3799991607666,384.9218444824219
2023-03-22,22.260000228881836,378.36029052734375
2023-03-23,22.610000610351562,379.3831787109375
2023-03-24,21.739999771118164,381.87261962890625
2023-03-27,20.600000381469727,382.5867004394531
2023-03-28,19.969999313354492,381.7279052734375
2023-03-29,19.1200008392334,387.2762756347656
2023-03-30,19.020000457763672,389.5439147949219
2023-03-31,18.700000762939453,395.0343322753906
2023-04-03,18.549999237060547,396.5396728515625
2023-04-04,19.0,394.33966064453125
2023-04-05,19.079999923706055,393.3071594238281
2023-04-06,18.399999618530273,394.84130859375
2023-04-10,18.969999313354492,395.2466125488281
2023-04-11,19.100000381469727,395.3527526855469
2023-04-12,19.09000015258789,393.7413635253906
2023-04-13,17.799999237060547,398.9712829589844
2023-04-14,17.06999969482422,397.9967041015625
2023-04-17,16.950000762939453,399.4248046875
2023-04-18,16.829999923706055,399.6852722167969
2023-04-19,16.459999084472656,399.6177673339844
2023-04-20,17.170000076293945,397.4370422363281
2023-04-21,16.770000457763672,397.745849609375
2023-04-24,16.889999389648438,398.1607360839844
2023-04-25,18.760000228881836,391.8404235839844
2023-04-26,18.84000015258789,390.1806945800781
2023-04-27,17.030000686645508,397.9484558105469
2023-04-28,15.779999732971191,401.34503173828125
2023-05-01,16.079999923706055,400.93975830078125
2023-05-02,17.780000686645508,396.4334716796875
2023-05-03,18.34000015258789,393.71240234375
2023-05-04,20.09000015258789,390.9237060546875
2023-05-05,17.190000534057617,398.1607360839844
2023-05-08,16.979999542236328,398.2668762207031
2023-05-09,17.709999084472656,396.52032470703125
2023-05-10,16.940000534057617,398.373046875
2023-05-11,16.93000030517578,397.67822265625
2023-05-12,17.030000686645508,397.1571960449219
2023-05-15,17.1200008392334,398.5274353027344
2023-05-16,17.989999771118164,395.8641662597656
2023-05-17,16.8700008392334,400.6695861816406
2023-05-18,16.049999237060547,404.5292663574219
2023-05-19,16.809999465942383,403.940673828125
2023-05-22,17.209999084472656,404.10479736328125
2023-05-23,18.530000686645508,399.569580078125
2023-05-24,20.030000686645508,396.67474365234375
2023-05-25,19.139999389648438,400.1098937988281
2023-05-26,17.950000762939453,405.29156494140625
2023-05-30,17.459999084472656,405.44598388671875
2023-05-31,17.940000534057617,403.1977233886719
2023-06-01,15.649999618530273,407.0285339355469
2023-06-02,14.600000381469727,412.91455078125
2023-06-05,14.729999542236328,412.1233215332031
2023-06-06,13.960000038146973,413.0207214355469
2023-06-07,13.9399995803833,411.59259033203125
2023-06-08,13.649999618530273,414.0821228027344
2023-06-09,13.829999923706055,414.82513427734375
2023-06-12,15.010000228881836,418.58837890625
2023-06-13,14.609999656677246,421.34808349609375
2023-06-14,13.880000114440918,421.8498229980469
2023-06-15,14.5,427.07977294921875
2023-06-16,13.539999961853027,425.6250915527344
2023-06-20,13.880000114440918,423.41680908203125
2023-06-21,13.199999809265137,421.2474060058594
2023-06-22,12.90999984741211,422.7679443359375
2023-06-23,13.4399995803833,419.5718078613281
2023-06-26,14.25,417.85760498046875
2023-06-27,13.739999771118164,422.438720703125
2023-06-28,13.430000305175781,422.6517639160156
2023-06-29,13.539999961853027,424.31756591796875
2023-06-30,13.59000015258789,429.3248596191406
2023-07-03,13.569999694824219,429.8187561035156
2023-07-05,14.180000305175781,429.1795654296875
2023-07-06,15.4399995803833,425.8187561035156
2023-07-07,14.829999923706055,424.74371337890625
2023-07-10,15.069999694824219,425.8187561035156
2023-07-11,14.84000015258789,428.5306396484375
2023-07-12,13.539999961853027,431.9785461425781
2023-07-13,13.609999656677246,435.4071350097656
2023-07-14,13.34000015258789,435.13592529296875
2023-07-17,13.479999542236328,436.6468200683594
2023-07-18,13.300000190734863,439.8913269042969
2023-07-19,13.760000228881836,440.8695983886719
2023-07-20,13.989999771118164,437.9446716308594
2023-07-21,13.600000381469727,437.9446716308594
2023-07-24,13.90999984741211,439.9010009765625
2023-07-25,13.859999656677246,441.1020202636719
2023-07-26,13.1899995803833,441.1698303222656
2023-07-27,14.40999984741211,438.244873046875
2023-07-28,13.329999923706055,442.5354309082031
2023-07-31,13.630000114440918,443.3780517578125
2023-08-01,13.930000305175781,442.10931396484375
2023-08-02,16.09000015258789,435.95916748046875
2023-08-03,15.920000076293945,434.70977783203125
2023-08-04,17.100000381469727,432.7436828613281
2023-08-07,15.770000457763672,436.5209045410156
2023-08-08,15.989999771118164,434.6225891113281
2023-08-09,15.960000038146973,431.717041015625
2023-08-10,15.850000381469727,431.87200927734375
2023-08-11,14.84000015258789,431.6202087402344
2023-08-14,14.819999694824219,434.0027770996094
2023-08-15,16.459999084472656,428.9471435546875
2023-08-16,16.780000686645508,425.7994079589844
2023-08-17,17.889999389648438,422.5548400878906
2023-08-18,17.299999237060547,422.75823974609375
2023-08-21,17.1299991607666,425.5088195800781
2023-08-22,16.969999313354492,424.3562927246094
2023-08-23,15.979999542236328,429.0827331542969
2023-08-24,17.200000762939453,423.1360168457031
2023-08-25,15.680000305175781,426.11907958984375
2023-08-28,15.079999923706055,428.82122802734375
2023-08-29,14.449999809265137,435.0197448730469
2023-08-30,13.880000114440918,436.8114929199219
2023-08-31,13.569999694824219,436.1722412109375
2023-09-01,13.09000015258789,436.9858093261719
2023-09-05,14.010000228881836,435.0971374511719
2023-09-06,14.449999809265137,432.1722412109375
2023-09-07,14.399999618530273,430.8453674316406
2023-09-08,13.84000015258789,431.49432373046875
2023-09-11,13.800000190734863,434.3320617675781
2023-09-12,14.229999542236328,431.9494934082031
2023-09-13,13.479999542236328,432.4531555175781
2023-09-14,12.819999694824219,436.18194580078125
2023-09-15,13.789999961853027,430.9266662597656
2023-09-18,14.0,431.17938232421875
2023-09-19,14.109999656677246,430.2851867675781
2023-09-20,15.140000343322754,426.3294677734375
2023-09-21,17.540000915527344,419.2829284667969
2023-09-22,17.200000762939453,418.34014892578125
2023-09-25,16.899999618530273,420.099365234375
2023-09-26,18.940000534057617,413.92755126953125
2023-09-27,18.219999313354492,414.0927429199219
2023-09-28,17.34000015258789,416.49346923828125
2023-09-29,17.520000457763672,415.4826965332031
2023-10-02,17.610000610351562,415.31744384765625
2023-10-03,19.780000686645508,409.7579345703125
2023-10-04,18.579999923706055,412.7418212890625
2023-10-05,18.489999771118164,412.5862731933594
2023-10-06,17.450000762939453,417.48486328125
2023-10-09,17.700000762939453,420.1576843261719
2023-10-10,17.030000686645508,422.3444519042969
2023-10-11,16.09000015258789,424.07452392578125
2023-10-12,16.690000534057617,421.48919677734375
2023-10-13,19.31999969482422,419.3898010253906
2023-10-16,17.209999084472656,423.80242919921875
2023-10-17,17.8799991607666,423.782958984375
2023-10-18,19.219999313354492,418.1360778808594
2023-10-19,21.399999618530273,414.4620361328125
2023-10-20,21.709999084472656,409.369140625
2023-10-23,20.3700008392334,408.65966796875
2023-10-24,18.969999313354492,411.7406921386719
2023-10-25,20.190000534057617,405.831298828125
2023-10-26,20.68000030517578,400.9716491699219
2023-10-27,21.270000457763672,399.1540832519531
2023-10-30,19.75,403.9263610839844
2023-10-31,18.139999389648438,406.4630432128906
2023-11-01,16.8700008392334,410.7978515625
2023-11-02,15.65999984741211,418.6706237792969
2023-11-03,14.90999984741211,422.49029541015625
2023-11-06,14.890000343322754,423.46221923828125
2023-11-07,14.8100004196167,424.6673889160156
2023-11-08,14.449999809265137,424.97845458984375
2023-11-09,15.289999961853027,421.6641845703125
2023-11-10,14.170000076293945,428.244140625
2023-11-13,14.760000228881836,427.8359375
2023-11-14,14.15999984741211,436.1362609863281
2023-11-15,14.180000305175781,437.0595703125
2023-11-16,14.319999694824219,437.5941467285156
2023-11-17,13.800000190734863,438.1384582519531
2023-11-20,13.40999984741211,441.5110778808594
2023-11-21,13.350000381469727,440.5487976074219
2023-11-22,12.850000381469727,442.2497863769531
2023-11-24,12.460000038146973,442.52178955078125
2023-11-27,12.6899995803833,441.7248840332031
2023-11-28,12.6899995803833,442.1622619628906
2023-11-29,12.979999542236328,441.8511962890625
2023-11-30,12.920000076293945,443.59100341796875
2023-12-01,12.630000114440918,446.2152404785156
2023-12-04,13.079999923706055,443.8728332519531
2023-12-05,12.850000381469727,443.78533935546875
2023-12-06,12.970000267028809,441.9970397949219
2023-12-07,13.0600004196167,445.36962890625
2023-12-08,12.350000381469727,447.28436279296875
2023-12-11,12.630000114440918,449.0240173339844
2023-12-12,12.069999694824219,451.0749206542969
2023-12-13,12.1899995803833,457.2952575683594
2023-12-14,12.479999542236328,458.7629089355469
2023-12-15,12.279999732971191,458.00750732421875
2023-12-18,12.5600004196167,460.5838928222656
2023-12-19,12.529999732971191,463.3846435546875
2023-12-20,13.670000076293945,456.96337890625
2023-12-21,13.649999618530273,461.2962951660156
2023-12-22,13.029999732971191,462.22332763671875
2023-12-26,12.989999771118164,464.17510986328125
2023-12-27,12.430000305175781,465.01434326171875
2023-12-28,12.470000267028809,465.19000244140625
2023-12-29,12.449999809265137,463.84326171875
2024-01-02,13.199999809265137,461.2474365234375
2024-01-03,14.039999961853027,457.4805908203125
2024-01-04,14.130000114440918,456.0069885253906
2024-01-05,13.350000381469727,456.631591796875
2024-01-08,13.079999923706055,463.1504211425781
2024-01-09,12.760000228881836,462.4478454589844
2024-01-10,12.6899995803833,465.0631408691406
2024-01-11,12.4399995803833,464.85821533203125
2024-01-12,12.699999809265137,465.1802062988281
2024-01-16,13.84000015258789,463.4724426269531
2024-01-17,14.789999961853027,460.8961486816406
2024-01-18,14.130000114440918,464.99481201171875
2024-01-19,13.300000190734863,470.7915344238281
2024-01-22,13.1899995803833,471.78692626953125
2024-01-23,12.550000190734863,473.16290283203125
2024-01-24,13.140000343322754,473.68011474609375
2024-01-25,13.449999809265137,476.2564392089844
2024-01-26,13.260000228881836,475.6513977050781
2024-01-29,13.600000381469727,479.418212890625
2024-01-30,13.3100004196167,479.04742431640625
2024-01-31,14.350000381469727,471.2306213378906
2024-02-01,13.880000114440918,477.39825439453125
2024-02-02,13.850000381469727,482.4239501953125
2024-02-05,13.670000076293945,480.6673583984375
2024-02-06,13.0600004196167,482.0628967285156
2024-02-07,12.829999923706055,486.0834655761719
2024-02-08,12.789999961853027,486.2982177734375
2024-02-09,12.930000305175781,489.1087341308594
2024-02-12,13.930000305175781,488.8940124511719
2024-02-13,15.850000381469727,482.16046142578125
2024-02-14,14.380000114440918,486.54217529296875
2024-02-15,14.010000228881836,489.899169921875
2024-02-16,14.239999771118164,487.45947265625
2024-02-20,15.420000076293945,484.7758483886719
2024-02-21,15.34000015258789,485.2149353027344
2024-02-22,14.539999961853027,495.2566833496094
2024-02-23,13.75,495.5982971191406
2024-02-26,13.739999771118164,493.78314208984375
2024-02-27,13.430000305175781,494.700439453125
2024-02-28,13.84000015258789,494.046630859375
2024-02-29,13.399999618530273,495.8227233886719
2024-03-01,13.109999656677246,500.47760009765625
2024-03-04,13.489999771118164,499.9408874511719
2024-03-05,14.460000038146973,494.9444274902344
2024-03-06,14.5,497.4524230957031
2024-03-07,14.4399995803833,502.39031982421875
2024-03-08,14.739999771118164,499.3748779296875
2024-03-11,15.220000267028809,498.94549560546875
2024-03-12,13.84000015258789,504.3128662109375
2024-03-13,13.75,503.5223693847656
2024-03-14,14.399999618530273,502.5269775390625
2024-03-15,14.40999984741211,499.07635498046875
2024-03-18,14.329999923706055,502.0423889160156
2024-03-19,13.819999694824219,504.832275390625
2024-03-20,13.039999961853027,509.5016784667969
2024-03-21,12.920000076293945,511.1854553222656
2024-03-22,13.0600004196167,510.21630859375
2024-03-25,13.1899995803833,508.8066711425781
2024-03-26,13.239999771118164,507.866943359375
2024-03-27,12.779999732971191,512.1349487304688
2024-03-28,13.010000228881836,512.0370483398438
2024-04-01,13.649999618530273,511.1462707519531
2024-04-02,14.609999656677246,507.89630126953125
2024-04-03,14.329999923706055,508.4542236328125
2024-04-04,16.350000381469727,502.2480163574219
2024-04-05,16.030000686645508,507.4950256347656
2024-04-08,15.1899995803833,507.7788391113281
2024-04-09,14.979999542236328,508.3662109375
2024-04-10,15.800000190734863,503.2758483886719
2024-04-11,14.90999984741211,507.073974609375
2024-04-12,17.309999465942383,500.0748596191406
2024-04-15,19.229999542236328,493.809814453125
2024-04-16,18.399999618530273,492.90924072265625
2024-04-17,18.209999084472656,489.9920959472656
2024-04-18,18.0,488.9837951660156
2024-04-19,18.709999084472656,484.71575927734375
2024-04-22,16.940000534057617,489.1795959472656
2024-04-23,15.6899995803833,494.9844970703125
2024-04-24,15.970000267028809,494.74957275390625
2024-04-25,15.369999885559082,492.8700866699219
2024-04-26,15.029999732971191,497.5394592285156
2024-04-29,14.670000076293945,499.301513671875
2024-04-30,15.649999618530273,491.3919372558594
2024-05-01,15.390000343322754,489.79632568359375
2024-05-02,14.680000305175781,494.3775939941406
2024-05-03,13.489999771118164,500.5055236816406
2024-05-06,13.489999771118164,505.6742248535156
2024-05-07,13.229999542236328,506.23223876953125
2024-05-08,13.0,506.2810974121094
2024-05-09,12.6899995803833,509.1982116699219
2024-05-10,12.550000190734863,509.85418701171875
2024-05-13,13.600000381469727,509.922607421875
2024-05-14,13.420000076293945,512.26220703125
2024-05-15,12.449999809265137,518.6055908203125
2024-05-16,12.420000076293945,517.53857421875
2024-05-17,11.989999771118164,518.2825317382812
2024-05-20,12.149999618530273,518.879638671875
2024-05-21,11.859999656677246,520.1521606445312
2024-05-22,12.289999961853027,518.6544799804688
2024-05-23,12.770000457763672,514.8660888671875
2024-05-24,11.930000305175781,518.2727661132812
2024-05-28,12.920000076293945,518.6348876953125
2024-05-29,14.279999732971191,515.0031127929688
2024-05-30,14.470000267028809,511.58673095703125
2024-05-31,12.920000076293945,516.246337890625
2024-06-03,13.109999656677246,516.6673583984375
2024-06-04,13.15999984741211,517.244873046875
2024-06-05,12.630000114440918,523.3923950195312
2024-06-06,12.579999923706055,523.3826293945312
2024-06-07,12.220000267028809,522.7462768554688
2024-06-10,12.739999771118164,524.361572265625
2024-06-11,12.850000381469727,525.6243286132812
2024-06-12,12.039999961853027,529.9412231445312
2024-06-13,11.9399995803833,531.00830078125
2024-06-14,12.65999984741211,531.3313598632812
2024-06-17,12.75,535.5601806640625
2024-06-18,12.300000190734863,536.9208984375
2024-06-20,13.279999732971191,535.4622802734375
2024-06-21,13.199999809265137,534.7444458007812
2024-06-24,13.329999923706055,533.0061645507812
2024-06-25,12.84000015258789,535.0587158203125
2024-06-26,12.550000190734863,535.7265014648438
2024-06-27,12.239999771118164,536.571044921875
2024-06-28,12.4399995803833,534.4596557617188
2024-07-01,12.220000267028809,535.5595703125
2024-07-02,12.029999732971191,539.1637573242188
2024-07-03,12.09000015258789,541.5698852539062
2024-07-05,12.479999542236328,544.6927490234375
2024-07-08,12.369999885559082,545.3212890625
2024-07-09,12.510000228881836,545.8516235351562
2024-07-10,12.850000381469727,551.2529907226562
2024-07-11,12.920000076293945,546.499755859375
2024-07-12,12.460000038146973,549.94677734375
2024-07-15,13.119999885559082,551.4592895507812
2024-07-16,13.1899995803833,554.7294311523438
2024-07-17,14.479999542236328,546.9515380859375
2024-07-18,15.930000305175781,542.748291015625
2024-07-19,16.520000457763672,539.1441040039062
2024-07-22,14.90999984741211,544.70263671875
2024-07-23,14.720000267028809,543.8482666015625
2024-07-24,18.040000915527344,531.5232543945312
2024-07-25,18.459999084472656,528.7537841796875
2024-07-26,16.389999389648438,534.6758422851562
2024-07-29,16.600000381469727,534.9899291992188
2024-07-30,17.690000534057617,532.2794799804688
2024-07-31,16.360000610351562,540.9314575195312
2024-08-01,18.59000015258789,533.2713623046875
2024-08-02,23.389999389648438,523.3427124023438
2024-08-05,38.56999969482422,508.10107421875
2024-08-06,27.709999084472656,512.7855224609375
2024-08-07,27.850000381469727,509.3580322265625
2024-08-08,23.790000915527344,521.133056640625
2024-08-09,20.3700008392334,523.4310302734375
2024-08-12,20.709999084472656,523.7060546875
2024-08-13,18.1200008392334,532.3187255859375
2024-08-14,16.190000534057617,533.998046875
2024-08-15,15.229999542236328,543.1509399414062
2024-08-16,14.800000190734863,544.36865234375
2024-08-19,14.649999618530273,549.5736083984375
2024-08-20,15.880000114440918,548.6799926757812
2024-08-21,16.270000457763672,550.5655517578125
2024-08-22,17.549999237060547,546.2444458007812
2024-08-23,15.859999656677246,552.0484619140625
2024-08-26,16.149999618530273,550.7324829101562
2024-08-27,15.430000305175781,551.4885864257812
2024-08-28,17.110000610351562,548.287109375
2024-08-29,15.649999618530273,548.336181640625
2024-08-30,15.0,553.570556640625
2024-09-03,20.719999313354492,542.1787109375
2024-09-04,21.31999969482422,541.0689697265625
2024-09-05,19.899999618530273,539.7529907226562
2024-09-06,22.3799991607666,530.6689453125
2024-09-09,19.450000762939453,536.6103515625
2024-09-10,19.079999923706055,538.94775390625
2024-09-11,17.690000534057617,544.4767456054688
2024-09-12,17.06999969482422,549.06298828125
2024-09-13,16.559999465942383,551.9305419921875
2024-09-16,17.139999389648438,552.7457275390625
2024-09-17,17.610000610351562,552.9715576171875
2024-09-18,18.229999542236328,551.3316040039062
2024-09-19,16.329999923706055,560.73974609375
2024-09-20,16.149999618530273,559.7703247070312
2024-09-23,15.890000343322754,561.169189453125
2024-09-24,15.390000343322754,562.77490234375
2024-09-25,15.40999984741211,561.53369140625
2024-09-26,15.369999885559082,563.7599487304688
2024-09-27,16.959999084472656,562.9423217773438
2024-09-30,16.729999542236328,565.1981201171875
2024-10-01,19.260000228881836,560.1348266601562
2024-10-02,18.899999618530273,560.3712768554688
2024-10-03,20.489999771118164,559.3468627929688
2024-10-04,19.209999084472656,564.4298095703125
2024-10-07,22.639999389648438,559.3271484375
2024-10-08,21.420000076293945,564.616943359375
2024-10-09,20.860000610351562,568.5277709960938
2024-10-10,20.93000030517578,567.5327758789062
2024-10-11,20.459999084472656,570.931396484375
2024-10-14,19.700000762939453,575.6006469726562
2024-10-15,20.639999389648438,571.12841796875
2024-10-16,19.579999923706055,573.6107788085938
2024-10-17,19.110000610351562,573.6599731445312
2024-10-18,18.030000686645508,575.8665771484375
2024-10-21,18.3700008392334,574.9208984375
2024-10-22,18.200000762939453,574.6155395507812
2024-10-23,19.239999771118164,569.364990234375
2024-10-24,19.079999923706055,570.596435546875
2024-10-25,20.329999923706055,570.3992919921875
2024-10-28,19.799999237060547,572.1627197265625
2024-10-29,19.34000015258789,573.0887451171875
2024-10-30,20.350000381469727,571.35498046875
2024-10-31,23.15999984741211,560.1546020507812
2024-11-01,21.8799991607666,562.5187377929688
2024-11-04,21.979999542236328,561.30712890625
2024-11-05,20.489999771118164,568.0942993164062
2024-11-06,16.270000457763672,582.2203369140625
2024-11-07,15.199999809265137,586.72216796875
2024-11-08,14.9399995803833,589.2636108398438
2024-11-11,14.970000267028809,589.8251342773438
2024-11-12,14.710000038146973,587.9927978515625
2024-11-13,14.020000457763672,588.2785034179688
2024-11-14,14.3100004196167,584.4959106445312
2024-11-15,16.139999389648438,577.00927734375
2024-11-18,15.579999923706055,579.37353515625
2024-11-19,16.350000381469727,581.4913330078125
2024-11-20,17.15999984741211,581.6882934570312
2024-11-21,16.8700008392334,584.8109741210938
2024-11-22,15.239999771118164,586.62353515625
2024-11-25,14.600000381469727,588.613525390625
2024-11-26,14.100000381469727,591.6868896484375
2024-11-27,14.100000381469727,589.89404296875
2024-11-29,13.510000228881836,593.55859375
2024-12-02,13.34000015258789,594.6224365234375
2024-12-03,13.300000190734863,594.8983154296875
2024-12-04,13.449999809265137,598.59228515625
2024-12-05,13.539999961853027,597.6072387695312
2024-12-06,12.770000457763672,598.7401123046875
2024-12-09,14.1899995803833,595.6567993164062
2024-12-10,14.180000305175781,593.8048706054688
2024-12-11,13.579999923706055,598.395263671875
2024-12-12,13.920000076293945,595.3120727539062
2024-12-13,13.8100004196167,595.1937255859375
2024-12-16,14.6899995803833,597.7352905273438
2024-12-17,15.869999885559082,595.2726440429688
2024-12-18,27.6200008392334,577.5313720703125
2024-12-19,24.09000015258789,577.35400390625
2024-12-20,18.360000610351562,584.2886352539062
2024-12-23,16.780000686645508,587.7874755859375
2024-12-24,14.270000457763672,594.32080078125
2024-12-26,14.729999542236328,594.3603515625
2024-12-27,15.949999809265137,588.1038818359375
2024-12-30,17.399999618530273,581.3925170898438
2024-12-31,17.350000381469727,579.2774658203125
2025-01-02,17.93000030517578,577.8541259765625
2025-01-03,16.1299991607666,585.0792846679688
2025-01-06,16.040000915527344,588.4497680664062
2025-01-07,17.81999969482422,581.7978515625
2025-01-08,17.700000762939453,582.6478271484375
2025-01-10,19.540000915527344,573.7523193359375
2025-01-13,19.190000534057617,574.6419067382812
2025-01-14,18.709999084472656,575.4325561523438
2025-01-15,16.1200008392334,585.8997192382812
2025-01-16,16.600000381469727,584.7728881835938
2025-01-17,15.970000267028809,590.64404296875
2025-01-21,15.0600004196167,596.0504760742188
2025-01-22,15.100000381469727,599.4011840820312
2025-01-23,15.020000457763672,602.6727294921875
2025-01-24,14.850000381469727,600.913330078125
2025-01-27,17.899999618530273,592.4132080078125
2025-01-28,16.40999984741211,597.50341796875
2025-01-29,16.559999465942383,594.8248901367188
2025-01-30,15.84000015258789,598.0173950195312
2025-01-31,16.43000030517578,594.8347778320312
2025-02-03,18.6200008392334,590.831787109375
2025-02-04,17.209999084472656,594.7952880859375
2025-02-05,15.770000457763672,597.2069091796875
2025-02-06,15.5,599.2825317382812
2025-02-07,16.540000915527344,593.7969970703125
2025-02-10,15.8100004196167,597.82958984375
2025-02-11,16.020000457763672,598.2842407226562
2025-02-12,15.890000343322754,596.35693359375
2025-02-13,15.100000381469727,602.6529541015625
2025-02-14,14.770000457763672,602.6232299804688
2025-02-18,15.350000381469727,604.3925170898438
2025-02-19,15.270000457763672,605.8157958984375
2025-02-20,15.65999984741211,603.2954711914062
2025-02-21,18.209999084472656,592.9766235351562
2025-02-24,18.979999542236328,590.2781982421875
2025-02-25,19.43000030517578,587.3427734375
2025-02-26,19.100000381469727,587.6392211914062
2025-02-27,21.1299991607666,578.2593994140625
2025-02-28,19.6299991607666,587.2833862304688
2025-03-03,22.780000686645508,576.9942626953125
2025-03-04,23.510000228881836,570.1644897460938
2025-03-05,21.93000030517578,576.29248046875
2025-03-06,24.8700008392334,566.0626220703125
2025-03-07,23.3700008392334,569.2353515625
2025-03-10,27.860000610351562,554.073486328125
2025-03-11,26.920000076293945,549.4674682617188
2025-03-12,24.229999542236328,552.3832397460938
2025-03-13,24.65999984741211,545.0197143554688
2025-03-14,21.770000457763672,556.2775268554688
2025-03-17,20.510000228881836,560.5671997070312
2025-03-18,21.700000762939453,554.50830078125
2025-03-19,19.899999618530273,560.54736328125
2025-03-20,19.799999237060547,558.9264526367188
2025-03-21,19.280000686645508,559.1107788085938
2025-03-24,17.479999542236328,569.1236572265625
2025-03-25,17.149999618530273,570.4917602539062
2025-03-26,18.329999923706055,563.6810913085938
2025-03-27,18.690000534057617,562.18408203125
2025-03-28,21.649999618530273,550.8626708984375
2025-03-31,22.280000686645508,554.5604248046875
2025-04-01,21.770000457763672,556.1268310546875
2025-04-02,21.510000228881836,559.6461791992188
2025-04-03,30.020000457763672,532.0663452148438
2025-04-04,45.310001373291016,500.9176330566406
2025-04-07,46.97999954223633,500.0254211425781
2025-04-08,52.33000183105469,492.193603515625
2025-04-09,33.619998931884766,543.8834838867188
2025-04-10,40.720001220703125,520.051025390625
2025-04-11,37.560001373291016,529.3302001953125
2025-04-14,30.889999389648438,534.4654541015625
2025-04-15,30.1200008392334,532.9684448242188
2025-04-16,32.63999938964844,521.1216430664062
2025-04-17,29.649999618530273,521.8651733398438
2025-04-21,33.81999969482422,509.4433898925781
2025-04-22,30.56999969482422,522.6979370117188
2025-04-23,28.450000762939453,530.79736328125
2025-04-24,26.469999313354492,541.9700927734375
2025-04-25,24.84000015258789,545.8860473632812
2025-04-28,25.149999618530273,546.0941772460938
2025-04-29,24.170000076293945,549.5342407226562
2025-04-30,24.700000762939453,549.7523193359375
2025-05-01,24.600000381469727,553.6483764648438
2025-05-02,22.68000030517578,561.8668823242188
2025-05-05,23.639999389648438,558.6448974609375
2025-05-06,24.760000228881836,553.9755249023438
2025-05-07,23.549999237060547,556.3052978515625
2025-05-08,22.479999542236328,560.1814575195312
2025-05-09,21.899999618530273,559.4677734375
2025-05-12,18.389999389648438,577.9567260742188
2025-05-13,18.219999313354492,581.7734985351562
2025-05-14,18.6200008392334,582.5170288085938
2025-05-15,17.829999923706055,585.3622436523438
2025-05-16,17.239999771118164,589.0699462890625
2025-05-19,18.139999389648438,589.7142944335938
2025-05-20,18.09000015258789,587.7315673828125
2025-05-21,20.8700008392334,577.8277587890625
2025-05-22,20.280000686645508,578.0558471679688
2025-05-23,22.290000915527344,574.1102294921875
2025-05-27,18.959999084472656,586.0462646484375
2025-05-28,19.309999465942383,582.6558227539062
2025-05-29,19.18000030517578,584.9557495117188
2025-05-30,18.56999969482422,584.301513671875
2025-06-02,18.360000610351562,587.5928955078125
2025-06-03,17.690000534057617,590.943603515625
2025-06-04,17.610000610351562,590.7849731445312
2025-06-05,18.479999542236328,587.9298095703125
2025-06-06,16.770000457763672,593.96728515625
2025-06-09,17.15999984741211,594.5026245117188
2025-06-10,16.950000762939453,597.873291015625
2025-06-11,17.260000228881836,596.1680908203125
2025-06-12,18.020000457763672,598.5374755859375
2025-06-13,20.81999969482422,591.8458251953125
2025-06-16,19.110000610351562,597.4766845703125
2025-06-17,21.600000381469727,592.3712158203125
2025-06-18,20.139999389648438,592.2819213867188
2025-06-20,20.6200008392334,590.8909912109375
2025-06-23,19.829999923706055,596.7274780273438
2025-06-24,17.479999542236328,603.3196411132812
2025-06-25,16.760000228881836,603.65771484375
2025-06-26,16.59000015258789,608.380615234375
2025-06-27,16.31999969482422,611.4032592773438
2025-06-30,16.729999542236328,614.3264770507812
2025-07-01,16.829999923706055,614.127685546875
2025-07-02,16.639999389648438,616.9117431640625
2025-07-03,16.3799991607666,621.7738647460938
2025-07-07,17.790000915527344,617.1403198242188
2025-07-08,16.809999465942383,616.8023681640625
2025-07-09,15.9399995803833,620.5010986328125
2025-07-10,15.779999732971191,622.2510375976562
2025-07-11,16.399999618530273,620.0636596679688
2025-07-14,17.200000762939453,621.246826171875
2025-07-15,17.3799991607666,618.592041015625
2025-07-16,17.15999984741211,620.66015625
2025-07-17,16.520000457763672,624.4583740234375
2025-07-18,16.40999984741211,624.0010375976562
2025-07-21,16.649999618530273,625.1842651367188
2025-07-22,16.5,625.2737426757812
2025-07-23,15.369999885559082,630.5932006835938
2025-07-24,15.390000343322754,630.802001953125
2025-07-25,14.930000305175781,633.4667358398438
2025-07-28,15.029999732971191,633.3076782226562
2025-07-29,15.979999542236328,631.6372680664062
2025-07-30,15.479999542236328,630.841796875
2025-07-31,16.719999313354492,628.475341796875
2025-08-01,20.3799991607666,618.1743774414062
2025-08-04,17.520000457763672,627.570556640625
2025-08-05,17.850000381469727,624.3887939453125
2025-08-06,16.770000457763672,629.17138671875
2025-08-07,16.56999969482422,628.6444091796875
2025-08-08,15.149999618530273,633.5462646484375
2025-08-11,16.25,632.29345703125
2025-08-12,14.729999542236328,639.0248413085938
2025-08-13,14.489999771118164,641.2123413085938
2025-08-14,14.829999923706055,641.27197265625
2025-08-15,15.09000015258789,639.7705688476562
2025-08-18,14.989999771118164,639.6314086914062
2025-08-19,15.569999694824219,636.1612548828125
2025-08-20,15.6899995803833,634.470947265625
2025-08-21,16.600000381469727,631.9255981445312
2025-08-22,14.220000267028809,641.6299438476562
2025-08-25,14.789999961853027,638.8060913085938
2025-08-26,14.619999885559082,641.4807739257812
2025-08-27,14.850000381469727,642.9423828125
2025-08-28,14.430000305175781,645.2192993164062
2025-08-29,15.359999656677246,641.3713989257812
2025-09-02,17.170000076293945,636.6187133789062
2025-09-03,16.350000381469727,640.06884765625
2025-09-04,15.300000190734863,645.418212890625
2025-09-05,15.180000305175781,643.5488891601562
2025-09-08,15.109999656677246,645.1298828125
2025-09-09,15.039999961853027,646.6212768554688
2025-09-10,15.350000381469727,648.4905395507812
2025-09-11,14.710000038146973,653.8796997070312
2025-09-12,14.760000228881836,653.6608276367188
2025-09-15,15.6899995803833,657.1409301757812
2025-09-16,16.360000610351562,656.2361450195312
2025-09-17,15.720000267028809,655.4208374023438
2025-09-18,15.699999809265137,658.4832153320312
2025-09-19,15.449999809265137,661.74462890625
2025-09-22,16.100000381469727,664.8753662109375
2025-09-23,16.639999389648438,661.256103515625
2025-09-24,16.18000030517578,659.1522216796875
2025-09-25,16.739999771118164,656.1112670898438
2025-09-26,15.289999961853027,659.8701782226562
2025-09-29,16.1200008392334,661.7246704101562
2025-09-30,16.280000686645508,664.21728515625
2025-10-01,16.290000915527344,666.4806518554688
2025-10-02,16.6299991607666,667.248291015625
2025-10-03,16.649999618530273,667.2384033203125
2025-10-06,16.3700008392334,669.6312866210938
2025-10-07,17.239999771118164,667.1486206054688
2025-10-08,16.299999237060547,671.1268920898438
2025-10-09,16.43000030517578,669.1826171875
2025-10-10,21.65999984741211,651.0960693359375
2025-10-13,19.030000686645508,661.0865478515625
2025-10-14,20.809999465942383,660.2789306640625
2025-10-15,20.639999389648438,663.2102661132812
2025-10-16,25.309999465942383,658.6936645507812
2025-10-17,20.780000686645508,662.4326171875
2025-10-20,18.229999542236328,669.3222045898438
2025-10-21,17.8700008392334,669.3121948242188
2025-10-22,18.600000381469727,665.83251953125
2025-10-23,17.299999237060547,669.7808837890625
2025-10-24,16.3700008392334,675.2546997070312
2025-10-27,15.789999961853027,683.2211303710938
2025-10-28,16.420000076293945,685.0357666015625
2025-10-29,16.920000076293945,685.3648071289062
2025-10-30,16.90999984741211,677.8270874023438
2025-10-31,17.440000534057617,680.050537109375
2025-11-03,17.170000076293945,681.3267822265625
2025-11-04,19.0,673.2506103515625
2025-11-05,18.010000228881836,675.583740234375
2025-11-06,19.5,668.3351440429688
2025-11-07,19.079999923706055,668.9931640625
2025-11-10,17.600000381469727,679.432373046875
2025-11-11,17.280000686645508,680.9877319335938
2025-11-12,17.510000228881836,681.3666381835938
2025-11-13,20.0,670.0599975585938
2025-11-14,19.829999923706055,669.9503784179688
2025-11-17,22.3799991607666,663.7088012695312
2025-11-18,24.690000534057617,658.1353149414062
2025-11-19,23.65999984741211,660.6777954101562
2025-11-20,26.420000076293945,650.6075439453125
2025-11-21,23.43000030517578,657.08837890625
2025-11-24,20.520000457763672,666.759765625
2025-11-25,18.559999465942383,673.03125
2025-11-26,17.190000534057617,677.6775512695312
2025-11-28,16.350000381469727,681.3765869140625
2025-12-01,17.239999771118164,678.2658081054688
2025-12-02,16.59000015258789,679.5220947265625
2025-12-03,16.079999923706055,681.8751220703125
2025-12-04,15.779999732971191,682.3736572265625
2025-12-05,15.40999984741211,683.6697998046875
2025-12-08,16.65999984741211,681.6159057617188
2025-12-09,16.93000030517578,681.027587890625
2025-12-10,15.770000457763672,685.5443115234375
2025-12-11,14.850000381469727,687.1395263671875
2025-12-12,15.739999771118164,679.7514038085938
2025-12-15,16.5,678.7244262695312
2025-12-16,16.479999542236328,676.8699340820312
2025-12-17,17.6200008392334,669.4219360351562
2025-12-18,16.8700008392334,674.4769287109375
2025-12-19,14.90999984741211,680.5900268554688
2025-12-22,14.079999923706055,684.8300170898438
2025-12-23,14.0,687.9600219726562
2025-12-24,13.470000267028809,690.3800048828125
2025-12-26,13.600000381469727,690.3099975585938
2025-12-29,14.199999809265137,687.8499755859375
2025-12-30,14.329999923706055,687.010009765625
2025-12-31,14.949999809265137,681.9199829101562
2026-01-02,14.510000228881836,683.1699829101562
2026-01-05,14.899999618530273,687.719970703125
2026-01-06,14.75,691.8099975585938
2026-01-07,15.380000114440918,689.5800170898438
2026-01-08,15.449999809265137,689.510009765625
2026-01-09,14.489999771118164,694.0700073242188
2026-01-12,15.119999885559082,695.1599731445312
2026-01-13,15.979999542236328,693.77001953125
2026-01-14,16.75,690.3599853515625
2026-01-15,15.84000015258789,692.239990234375
2026-01-16,15.859999656677246,691.6599731445312
2026-01-20,20.09000015258789,677.5800170898438
2026-01-21,16.899999618530273,685.4000244140625
2026-01-22,15.640000343322754,688.97998046875
2026-01-23,16.09000015258789,689.22998046875
2026-01-26,16.149999618530273,692.72998046875
2026-01-27,16.350000381469727,695.489990234375
2026-01-28,16.350000381469727,695.4199829101562
2026-01-29,16.8799991607666,694.0399780273438
2026-01-30,17.440000534057617,691.969970703125
2026-02-02,16.34000015258789,695.4099731445312
2026-02-03,18.0,689.530029296875
2026-02-04,18.639999389648438,686.1900024414062
2026-02-05,21.770000457763672,677.6199951171875
2026-02-06,20.3700008392334,690.6199951171875
2026-02-09,17.360000610351562,693.9500122070312
2026-02-10,17.790000915527344,692.1199951171875
2026-02-11,17.649999618530273,691.9600219726562
2026-02-12,20.81999969482422,681.27001953125
2026-02-13,20.600000381469727,681.75
2026-02-17,20.290000915527344,682.8499755859375
2026-02-18,19.6200008392334,686.2899780273438
2026-02-19,20.229999542236328,684.47998046875
2026-02-20,19.09000015258789,689.4299926757812
2026-02-23,21.010000228881836,682.3900146484375
2026-02-24,19.549999237060547,687.3499755859375
2026-02-25,17.93000030517578,693.1500244140625
2026-02-26,18.6299991607666,689.2999877929688
2026-02-27,19.860000610351562,685.989990234375
2026-03-02,21.440000534057617,686.3800048828125
2026-03-03,23.56999969482422,680.3300170898438
2026-03-04,21.149999618530273,685.1300048828125
2026-03-05,23.75,681.3099975585938
2026-03-06,29.489999771118164,672.3800048828125
2026-03-09,25.5,678.27001953125
2026-03-10,24.93000030517578,677.1799926757812
2026-03-11,24.229999542236328,676.3300170898438
2026-03-12,27.290000915527344,666.0599975585938
2026-03-13,27.190000534057617,662.2899780273438
